{
  "matchId": "EUW1_7594406444",
  "gameMode": "CLASSIC",
  "timestamps": [
    0.0,
    1.0004166666666667,
    2.0008333333333335,
    3.002666666666667,
    4.002983333333333,
    5.003466666666666,
    6.003516666666667,
    7.003983333333333,
    8.004533333333333,
    9.00505,
    10.005383333333333,
    11.005783333333333,
    12.006266666666667,
    13.006433333333334,
    14.006716666666666,
    15.007166666666667,
    16.007383333333333,
    17.007566666666666,
    18.00765,
    19.0081,
    20.00855,
    21.008883333333333,
    22.009233333333334,
    23.0095,
    24.009666666666668,
    25.010016666666665,
    26.010516666666668,
    27.011066666666668,
    28.0116,
    29.0121,
    30.0126,
    31.01315,
    32.01326666666667,
    33.01348333333333,
    34.01365,
    35.013983333333336,
    36.014383333333335,
    37.01468333333333,
    38.015033333333335,
    39.01545,
    40.0157,
    41.01591666666667,
    41.80158333333333
  ],
  "gold": {
    "KSante": [
      500,
      500,
      583,
      797,
      1010,
      1346,
      1629,
      2468,
      2591,
      2930,
      3260,
      3661,
      4366,
      4724,
      5021,
      5249,
      5504,
      5931,
      6341,
      6596,
      7491,
      7836,
      8039,
      8510,
      9506,
      9734,
      10212,
      10466,
      10804,
      11107,
      11230,
      11838,
      12064,
      12451,
      12797,
      13142,
      13293,
      14098,
      14380,
      14502,
      14834,
      15416,
      15980
    ],
    "Jax": [
      500,
      500,
      631,
      1014,
      1413,
      1855,
      2183,
      2605,
      2998,
      3345,
      3733,
      3972,
      4550,
      4947,
      5362,
      5498,
      5826,
      6272,
      7661,
      8133,
      8613,
      9116,
      9553,
      9764,
      10404,
      10752,
      11289,
      11908,
      12374,
      12715,
      14736,
      15251,
      15453,
      15680,
      16000,
      16280,
      16402,
      16913,
      17706,
      17828,
      18246,
      18693,
      18789
    ],
    "Leblanc": [
      500,
      500,
      618,
      839,
      1164,
      1548,
      1831,
      2218,
      2637,
      2969,
      3245,
      3595,
      3892,
      4201,
      5026,
      5225,
      5602,
      6243,
      6950,
      7310,
      7636,
      8307,
      8844,
      9050,
      9379,
      9727,
      9884,
      10181,
      10872,
      10994,
      11850,
      12413,
      12893,
      13050,
      13849,
      14257,
      14835,
      15277,
      15820,
      16475,
      16759,
      17348,
      17597
    ],
    "Ezreal": [
      500,
      500,
      632,
      965,
      1534,
      1741,
      1947,
      2285,
      2485,
      2782,
      3331,
      3640,
      3937,
      4246,
      4515,
      4782,
      4961,
      5339,
      5679,
      5962,
      6385,
      6771,
      7209,
      7387,
      7919,
      8130,
      8672,
      8837,
      8973,
      9276,
      9769,
      10519,
      10864,
      11022,
      11404,
      11589,
      11934,
      12363,
      12485,
      12992,
      13245,
      13667,
      13895
    ],
    "Xerath": [
      500,
      505,
      567,
      763,
      1099,
      1279,
      1638,
      1859,
      2019,
      2270,
      2658,
      2860,
      3113,
      3337,
      3841,
      4077,
      4580,
      4828,
      5612,
      5770,
      6208,
      6360,
      6568,
      6730,
      7360,
      7513,
      7693,
      7874,
      8138,
      8542,
      8734,
      8964,
      9117,
      9443,
      9709,
      9909,
      10266,
      10418,
      10613,
      11515,
      11841,
      12377,
      12707
    ],
    "Ambessa": [
      500,
      500,
      583,
      853,
      1157,
      1398,
      1765,
      2093,
      2588,
      2808,
      3105,
      3360,
      3517,
      3833,
      4095,
      4808,
      5158,
      5459,
      6075,
      6420,
      6914,
      7336,
      8422,
      8565,
      9378,
      9780,
      10097,
      10219,
      10676,
      11240,
      11367,
      11886,
      12282,
      12766,
      14564,
      15167,
      15689,
      15853,
      16120,
      16620,
      16923,
      17701,
      18050
    ],
    "Zed": [
      500,
      500,
      631,
      1104,
      1413,
      1769,
      2148,
      2571,
      2974,
      3306,
      4018,
      4430,
      4662,
      4884,
      5174,
      6348,
      6862,
      7219,
      7392,
      7980,
      8580,
      8815,
      8962,
      9230,
      9552,
      9729,
      10855,
      11078,
      11290,
      12107,
      12636,
      12758,
      13075,
      13658,
      14158,
      14846,
      14993,
      15430,
      16113,
      16285,
      16683,
      17007,
      17572
    ],
    "Zoe": [
      500,
      500,
      632,
      1251,
      1520,
      2107,
      2299,
      2555,
      2905,
      3195,
      3518,
      3767,
      4161,
      4382,
      4692,
      4940,
      5576,
      5810,
      6351,
      6559,
      7438,
      7560,
      7721,
      8118,
      8435,
      8753,
      9112,
      9587,
      9710,
      10159,
      10409,
      10531,
      10786,
      11173,
      11967,
      12517,
      13060,
      13252,
      14256,
      14428,
      14635,
      14810,
      15425
    ],
    "Jinx": [
      500,
      500,
      632,
      937,
      1150,
      1685,
      2179,
      2545,
      2802,
      3186,
      3564,
      3721,
      4103,
      4663,
      4954,
      5251,
      5465,
      5857,
      6029,
      6389,
      6841,
      7242,
      7564,
      7770,
      8193,
      8432,
      8860,
      9692,
      10083,
      10798,
      11238,
      11361,
      13234,
      13615,
      14825,
      15177,
      16088,
      16426,
      18039,
      18211,
      18571,
      19127,
      19979
    ],
    "Lux": [
      500,
      500,
      567,
      763,
      978,
      1259,
      1569,
      1784,
      1991,
      2202,
      2608,
      2760,
      3013,
      3323,
      3475,
      3654,
      4497,
      4649,
      4908,
      5144,
      5578,
      5765,
      5942,
      6095,
      6282,
      6435,
      6782,
      7043,
      7217,
      7546,
      7699,
      7936,
      8283,
      8446,
      9076,
      9438,
      9626,
      9778,
      10811,
      11013,
      11165,
      11592,
      11967
    ]
  }
}