{
  "matchId": "EUW1_7584494352",
  "gameMode": "CLASSIC",
  "timestamps": [
    0.0,
    1.0003333333333333,
    2.00055,
    3.0023833333333334,
    4.002683333333334,
    5.002916666666667,
    6.0033666666666665,
    7.003533333333333,
    8.004066666666667,
    9.00445,
    10.004666666666667,
    11.004833333333334,
    12.00515,
    13.00535,
    14.005533333333334,
    15.005933333333333,
    16.006266666666665,
    17.006683333333335,
    18.00675,
    19.006983333333334,
    20.007,
    21.00733333333333,
    22.00765,
    23.007866666666665,
    24.008,
    25.0085,
    26.008616666666665,
    27.008816666666668,
    28.009216666666667,
    29.0095,
    30.009866666666667,
    31.010183333333334,
    32.010616666666664,
    33.010666666666665,
    34.01076666666667,
    35.0113,
    36.01166666666666,
    36.86108333333333
  ],
  "gold": {
    "Fiora": [
      500,
      500,
      618,
      902,
      1066,
      1381,
      1594,
      1988,
      2328,
      2641,
      2944,
      3115,
      3462,
      3606,
      3817,
      4066,
      4188,
      4517,
      4654,
      4867,
      5235,
      5569,
      5942,
      6219,
      6829,
      7199,
      7502,
      7958,
      8910,
      10162,
      10284,
      10607,
      11273,
      11675,
      11802,
      12251,
      12563,
      13489
    ],
    "Nocturne": [
      500,
      500,
      631,
      1014,
      1307,
      1858,
      2165,
      2383,
      2644,
      2925,
      3092,
      3509,
      4190,
      4617,
      5136,
      6371,
      6627,
      7195,
      7584,
      7945,
      8531,
      8653,
      9180,
      10697,
      11334,
      11797,
      12120,
      12242,
      13822,
      14078,
      14374,
      14952,
      15458,
      15700,
      15843,
      16676,
      17259,
      17428
    ],
    "Malzahar": [
      500,
      500,
      646,
      979,
      1283,
      1647,
      2237,
      2868,
      3175,
      3460,
      3688,
      4119,
      4546,
      5071,
      5235,
      5610,
      5952,
      6371,
      7370,
      7492,
      7963,
      8364,
      9217,
      9574,
      10122,
      10245,
      10899,
      11428,
      11957,
      12079,
      12333,
      12491,
      13188,
      13730,
      13853,
      15821,
      15957,
      16233
    ],
    "Syndra": [
      500,
      500,
      597,
      867,
      1136,
      1774,
      1973,
      2547,
      3075,
      3402,
      3560,
      3914,
      4225,
      4727,
      5003,
      5168,
      5290,
      5503,
      6161,
      6520,
      7044,
      7243,
      7435,
      7729,
      8518,
      8641,
      8813,
      9166,
      9463,
      9627,
      10112,
      10408,
      11231,
      11486,
      11609,
      11990,
      12133,
      12366
    ],
    "Karma": [
      500,
      500,
      562,
      738,
      948,
      1499,
      1751,
      2056,
      2637,
      2813,
      3032,
      3249,
      3575,
      3748,
      3979,
      4517,
      4692,
      4879,
      5510,
      5683,
      5886,
      6103,
      6255,
      6544,
      6747,
      7256,
      7494,
      7666,
      7967,
      8120,
      8272,
      8460,
      8825,
      9107,
      9412,
      9564,
      9717,
      9912
    ],
    "KSante": [
      500,
      500,
      562,
      839,
      1178,
      1444,
      2327,
      2763,
      3188,
      3646,
      4032,
      4795,
      5072,
      5906,
      6295,
      7216,
      7520,
      7770,
      8594,
      8730,
      9457,
      10498,
      10815,
      11866,
      12122,
      12553,
      12752,
      12900,
      13620,
      13742,
      14255,
      14589,
      14740,
      14974,
      15301,
      15505,
      15649,
      15942
    ],
    "Volibear": [
      500,
      500,
      631,
      1014,
      1655,
      1858,
      2185,
      2308,
      2606,
      2939,
      3306,
      3827,
      4484,
      4995,
      5341,
      5706,
      5967,
      6469,
      6965,
      7150,
      7634,
      8198,
      8594,
      9055,
      9858,
      10271,
      11748,
      12540,
      12947,
      14011,
      14604,
      15275,
      15516,
      15639,
      17028,
      17226,
      17348,
      18707
    ],
    "Viktor": [
      500,
      500,
      623,
      986,
      1283,
      1581,
      1844,
      2085,
      2235,
      2625,
      3475,
      3820,
      4078,
      4452,
      5092,
      5397,
      5801,
      6206,
      6470,
      6690,
      6986,
      7404,
      7905,
      8286,
      8690,
      8918,
      9589,
      10123,
      10712,
      11400,
      11983,
      12380,
      12529,
      13343,
      13782,
      14008,
      14248,
      14568
    ],
    "Samira": [
      500,
      500,
      618,
      979,
      1332,
      1546,
      1930,
      2163,
      2988,
      3132,
      4388,
      4691,
      5145,
      5348,
      5687,
      6291,
      6451,
      6821,
      7381,
      7613,
      8376,
      8548,
      8788,
      9083,
      10534,
      10657,
      12696,
      13060,
      13247,
      13370,
      14204,
      14422,
      14548,
      15236,
      15408,
      15759,
      16160,
      16939
    ],
    "Pyke": [
      500,
      500,
      547,
      738,
      964,
      1149,
      1363,
      1537,
      1892,
      2069,
      3221,
      3440,
      3967,
      4223,
      4878,
      5080,
      5295,
      5497,
      6128,
      6322,
      6525,
      7377,
      7550,
      7757,
      8270,
      8423,
      10300,
      10775,
      11174,
      11434,
      11886,
      12083,
      12246,
      13078,
      13863,
      14091,
      14273,
      14821
    ]
  }
}