{
  "matchId": "EUW1_7585815123",
  "gameMode": "CLASSIC",
  "timestamps": [
    0.0,
    1.0001333333333333,
    2.0002166666666668,
    3.0019666666666667,
    4.002016666666667,
    5.002683333333334,
    6.0030833333333335,
    7.00345,
    8.003533333333333,
    9.003766666666667,
    10.0041,
    11.004116666666667,
    12.0042,
    13.004533333333333,
    14.004683333333332,
    15.005066666666666,
    16.005233333333333,
    17.005516666666665,
    18.00575,
    19.00615,
    20.0067,
    21.006966666666667,
    22.007033333333332,
    23.00733333333333,
    24.0076,
    24.55755
  ],
  "gold": {
    "Shen": [
      500,
      500,
      562,
      825,
      1380,
      1503,
      1873,
      2121,
      2448,
      2613,
      3530,
      3743,
      4118,
      4374,
      4755,
      5025,
      5318,
      5574,
      5900,
      6312,
      7006,
      7571,
      7887,
      8675,
      9589,
      9757
    ],
    "Nocturne": [
      500,
      500,
      631,
      958,
      1158,
      1385,
      1683,
      2067,
      2377,
      2774,
      3534,
      3860,
      4414,
      4536,
      4862,
      5450,
      5778,
      6090,
      6263,
      7173,
      7345,
      7857,
      8055,
      8892,
      9134,
      9347
    ],
    "Lissandra": [
      500,
      500,
      618,
      944,
      1283,
      1647,
      1979,
      2275,
      2645,
      2856,
      3203,
      3632,
      4377,
      4913,
      5438,
      5928,
      6233,
      6702,
      6959,
      7462,
      8015,
      8885,
      10058,
      10194,
      11144,
      11312
    ],
    "Yunara": [
      500,
      500,
      632,
      1027,
      1339,
      1751,
      1969,
      2414,
      2761,
      3039,
      3379,
      3817,
      3976,
      4856,
      5283,
      6178,
      6849,
      7995,
      8808,
      9787,
      10245,
      10669,
      11302,
      11805,
      13432,
      13705
    ],
    "Leona": [
      500,
      500,
      562,
      1055,
      1225,
      1426,
      1903,
      2073,
      2274,
      2497,
      2890,
      3137,
      3338,
      3922,
      4184,
      4637,
      4789,
      5334,
      5606,
      5898,
      6226,
      6570,
      6798,
      7050,
      7511,
      7695
    ],
    "Gwen": [
      500,
      500,
      611,
      867,
      1136,
      1619,
      1846,
      2261,
      2554,
      3217,
      3553,
      4060,
      4357,
      4794,
      5183,
      5474,
      5960,
      6158,
      7230,
      7590,
      7979,
      8131,
      8491,
      8872,
      9022,
      9090
    ],
    "Sylas": [
      500,
      500,
      626,
      939,
      1355,
      1753,
      2012,
      2263,
      2666,
      2868,
      3126,
      3612,
      4093,
      4396,
      4723,
      5109,
      6994,
      7472,
      7919,
      8255,
      9140,
      9744,
      9976,
      10330,
      10452,
      10519
    ],
    "Tristana": [
      500,
      500,
      625,
      916,
      1204,
      1463,
      1805,
      2080,
      2429,
      2652,
      3165,
      3527,
      3698,
      4503,
      4845,
      5052,
      5612,
      5829,
      6366,
      6522,
      8950,
      9328,
      10053,
      10737,
      10881,
      10949
    ],
    "Caitlyn": [
      500,
      500,
      632,
      895,
      1143,
      1465,
      2024,
      2320,
      2569,
      2973,
      3332,
      3721,
      4832,
      5191,
      5616,
      5949,
      6113,
      7574,
      7837,
      7959,
      8169,
      8954,
      9465,
      9750,
      10027,
      10095
    ],
    "Nami": [
      500,
      500,
      562,
      738,
      908,
      1099,
      1389,
      1674,
      1875,
      2059,
      2280,
      2524,
      2951,
      3163,
      3452,
      3604,
      3756,
      4631,
      4833,
      4991,
      5231,
      5746,
      5993,
      6203,
      6355,
      6439
    ]
  }
}