{
  "matchId": "EUW1_7587478117",
  "gameMode": "CLASSIC",
  "timestamps": [
    0.0,
    1.0,
    2.00005,
    3.00035,
    4.0009,
    5.000933333333333,
    6.001116666666666,
    7.001516666666666,
    8.001616666666667,
    9.001883333333334,
    10.002416666666667,
    11.0028,
    12.002983333333333,
    13.003066666666667,
    14.003233333333334,
    15.003616666666666,
    16.003833333333333,
    17.003966666666667,
    18.00425,
    19.004633333333334,
    20.00475,
    21.005266666666667,
    22.005433333333333,
    23.0059,
    24.006333333333334,
    25.006733333333333,
    26.00685,
    27.007216666666668,
    28.0073,
    28.141116666666665
  ],
  "gold": {
    "Malphite": [
      500,
      500,
      609,
      858,
      1169,
      1463,
      1704,
      2077,
      2544,
      2834,
      3646,
      4061,
      4570,
      4948,
      5267,
      5657,
      6408,
      6773,
      7415,
      7750,
      8750,
      9184,
      9531,
      10174,
      11128,
      11386,
      11764,
      12214,
      12990,
      13057
    ],
    "Talon": [
      500,
      500,
      631,
      1014,
      1708,
      2206,
      2571,
      2854,
      3386,
      3799,
      4255,
      4936,
      5990,
      6471,
      6872,
      7468,
      8154,
      9064,
      9762,
      10126,
      10675,
      11176,
      11608,
      12347,
      12828,
      13364,
      14178,
      14811,
      15716,
      16152
    ],
    "Azir": [
      500,
      505,
      651,
      921,
      1218,
      1488,
      1872,
      2196,
      2431,
      2644,
      3000,
      3421,
      3682,
      3909,
      4229,
      4526,
      4911,
      5409,
      5700,
      5921,
      6318,
      7225,
      7398,
      7797,
      8376,
      8503,
      8821,
      9318,
      10601,
      10717
    ],
    "Ezreal": [
      500,
      500,
      646,
      832,
      1537,
      1727,
      2057,
      2419,
      2632,
      2846,
      3191,
      3460,
      3743,
      4175,
      4535,
      4735,
      4991,
      5425,
      6460,
      7091,
      7339,
      8371,
      8789,
      9969,
      10521,
      10712,
      11029,
      11521,
      12082,
      12149
    ],
    "Karma": [
      500,
      500,
      562,
      779,
      954,
      1222,
      1724,
      1934,
      2136,
      2323,
      2792,
      3030,
      3334,
      3747,
      3977,
      4192,
      4517,
      5463,
      5720,
      5953,
      6392,
      7316,
      7533,
      8124,
      8507,
      8767,
      9017,
      9469,
      10150,
      10220
    ],
    "Garen": [
      500,
      500,
      618,
      951,
      1276,
      1525,
      1804,
      2101,
      2434,
      2747,
      2999,
      3548,
      3880,
      4454,
      4623,
      5242,
      5619,
      6058,
      6375,
      6701,
      7318,
      7709,
      8042,
      9724,
      11321,
      11754,
      11877,
      12257,
      13587,
      13604
    ],
    "Khazix": [
      500,
      500,
      631,
      1014,
      1416,
      2080,
      2289,
      2617,
      2789,
      3144,
      3412,
      3640,
      4246,
      4573,
      4780,
      5172,
      5316,
      5438,
      5561,
      5818,
      6250,
      6568,
      6820,
      7406,
      7832,
      8109,
      8242,
      8583,
      8890,
      8907
    ],
    "Kayle": [
      500,
      500,
      597,
      916,
      1143,
      1763,
      1885,
      2272,
      2545,
      3054,
      3432,
      3752,
      4249,
      4558,
      4874,
      5165,
      5599,
      6204,
      6976,
      7155,
      7632,
      8280,
      8402,
      8859,
      9129,
      9314,
      9872,
      10400,
      10728,
      10744
    ],
    "Kaisa": [
      500,
      500,
      632,
      949,
      1797,
      2112,
      2426,
      3005,
      3800,
      4271,
      4563,
      5175,
      5557,
      5847,
      6294,
      6655,
      6956,
      7384,
      8010,
      8265,
      8440,
      8670,
      8914,
      9524,
      9802,
      10460,
      11731,
      12048,
      12495,
      12511
    ],
    "Senna": [
      500,
      505,
      583,
      800,
      1303,
      1584,
      1724,
      2347,
      2689,
      2986,
      3195,
      3570,
      4121,
      4322,
      4575,
      4889,
      5078,
      5239,
      5670,
      5822,
      6101,
      6351,
      6623,
      7133,
      7384,
      7688,
      8053,
      8214,
      8567,
      8587
    ]
  }
}