{
  "matchId": "EUW1_7534199575",
  "gameMode": "CLASSIC",
  "timestamps": [
    0.0,
    1.0005333333333333,
    2.00105,
    3.00235,
    4.002516666666667,
    5.002716666666666,
    6.003116666666667,
    7.0033666666666665,
    8.003816666666667,
    9.003866666666667,
    10.003916666666667,
    11.0042,
    12.00465,
    13.00475,
    14.004816666666667,
    15.004866666666667,
    16.0053,
    17.0058,
    18.006316666666667,
    19.0064,
    20.00695,
    21.0072,
    22.007733333333334,
    23.00805,
    24.008383333333335,
    25.008883333333333,
    26.0094,
    27.0099,
    28.01033333333333,
    29.0108,
    30.010866666666665,
    31.011266666666668,
    32.0115,
    32.67551666666667
  ],
  "gold": {
    "Galio": [
      500,
      500,
      618,
      853,
      1115,
      1308,
      1678,
      1926,
      2275,
      2625,
      2969,
      3168,
      3467,
      3698,
      3904,
      4158,
      4664,
      5417,
      5603,
      6171,
      6407,
      6849,
      6976,
      7561,
      8122,
      8486,
      8792,
      8919,
      9046,
      9299,
      9451,
      10166,
      11793,
      11974
    ],
    "Briar": [
      500,
      500,
      631,
      939,
      1380,
      2181,
      2533,
      2656,
      3017,
      3370,
      4702,
      5118,
      5735,
      6342,
      6882,
      7383,
      8456,
      9192,
      9505,
      10073,
      10610,
      11144,
      11958,
      12829,
      13686,
      14505,
      15226,
      15453,
      15655,
      16743,
      17838,
      18487,
      20359,
      21029
    ],
    "Malzahar": [
      500,
      500,
      611,
      923,
      1345,
      1674,
      1992,
      2239,
      2623,
      3202,
      3619,
      3974,
      4438,
      4686,
      5231,
      5590,
      5761,
      6139,
      6449,
      7041,
      7610,
      8014,
      8305,
      8632,
      9001,
      9195,
      9370,
      9625,
      10102,
      10713,
      11047,
      11511,
      11901,
      12482
    ],
    "Jhin": [
      500,
      500,
      625,
      909,
      1164,
      1458,
      1790,
      1947,
      2296,
      2512,
      2835,
      3161,
      3498,
      3710,
      4147,
      4326,
      4724,
      5122,
      5440,
      5604,
      6048,
      6970,
      7887,
      8417,
      8876,
      9702,
      10650,
      10772,
      11158,
      11735,
      11970,
      12393,
      12991,
      14330
    ],
    "Zilean": [
      500,
      500,
      562,
      786,
      986,
      1157,
      1332,
      1542,
      1698,
      1878,
      2172,
      2389,
      2686,
      2903,
      3156,
      3440,
      3802,
      3998,
      4164,
      4904,
      5147,
      5329,
      5795,
      6066,
      6274,
      6498,
      6736,
      6889,
      7056,
      7428,
      7644,
      8492,
      8779,
      8979
    ],
    "Gangplank": [
      500,
      500,
      583,
      828,
      1257,
      1664,
      1812,
      2308,
      2570,
      2925,
      3496,
      3831,
      4198,
      4827,
      5424,
      6071,
      6553,
      6831,
      7307,
      7794,
      8097,
      8376,
      9022,
      9417,
      9540,
      9918,
      10040,
      10552,
      10900,
      11198,
      11606,
      11773,
      12244,
      12456
    ],
    "Evelynn": [
      500,
      500,
      631,
      1014,
      1275,
      1602,
      1895,
      2366,
      2769,
      3002,
      3128,
      3615,
      4165,
      4607,
      5360,
      5998,
      6305,
      6777,
      7408,
      8182,
      8448,
      8759,
      9080,
      9622,
      9855,
      9977,
      10806,
      11826,
      12092,
      12263,
      12632,
      12754,
      13446,
      13941
    ],
    "Qiyana": [
      500,
      500,
      597,
      904,
      1880,
      2173,
      2484,
      3168,
      3381,
      3879,
      4265,
      4605,
      4728,
      5110,
      5375,
      5637,
      5976,
      6254,
      6376,
      7128,
      7320,
      7792,
      8013,
      8301,
      8634,
      8771,
      8893,
      10157,
      10370,
      11379,
      11512,
      11634,
      11885,
      11966
    ],
    "Sivir": [
      500,
      500,
      597,
      839,
      1443,
      1650,
      2055,
      2625,
      3016,
      3341,
      3583,
      3852,
      4237,
      4443,
      4879,
      5341,
      5662,
      6286,
      6648,
      7315,
      7534,
      8001,
      8374,
      8971,
      9200,
      9595,
      9759,
      10062,
      10506,
      11611,
      11734,
      11990,
      12337,
      12418
    ],
    "Karma": [
      500,
      500,
      581,
      757,
      1136,
      1313,
      1513,
      1833,
      2018,
      2256,
      2474,
      2664,
      3012,
      3347,
      3767,
      4004,
      4157,
      4486,
      4649,
      4859,
      5205,
      5724,
      5881,
      6099,
      6257,
      6410,
      7863,
      8122,
      8339,
      8663,
      8923,
      9075,
      9367,
      9468
    ]
  }
}