{
  "matchId": "EUW1_7589599287",
  "gameMode": "CLASSIC",
  "timestamps": [
    0.0,
    1.0003833333333334,
    2.0007166666666665,
    3.000766666666667,
    4.000933333333333,
    5.0026,
    6.002716666666666,
    7.002816666666667,
    8.003316666666667,
    9.00385,
    10.004,
    11.004533333333333,
    12.004916666666666,
    13.004933333333334,
    14.005166666666666,
    15.005533333333334,
    16.00565,
    17.00615,
    18.006616666666666,
    19.00705,
    20.007366666666666,
    21.007566666666666,
    22.007733333333334,
    23.007983333333332,
    24.008483333333334,
    25.00865,
    26.008733333333332,
    26.483466666666665
  ],
  "gold": {
    "Tryndamere": [
      500,
      500,
      618,
      944,
      1283,
      1490,
      2068,
      2233,
      2490,
      2696,
      3367,
      3807,
      4140,
      4290,
      4685,
      4963,
      5135,
      5433,
      5826,
      5990,
      6792,
      6977,
      7972,
      8144,
      8652,
      8974,
      10207,
      10469
    ],
    "Khazix": [
      500,
      500,
      631,
      1014,
      1610,
      2382,
      2789,
      3523,
      4129,
      4449,
      5268,
      5759,
      6419,
      7276,
      7678,
      8537,
      9832,
      10141,
      10649,
      11120,
      12057,
      12480,
      13681,
      14487,
      15211,
      15905,
      16404,
      16756
    ],
    "Syndra": [
      500,
      500,
      632,
      951,
      1304,
      2062,
      2394,
      2823,
      3339,
      3634,
      4201,
      4480,
      4805,
      5568,
      5872,
      6511,
      7226,
      8027,
      8864,
      9224,
      9548,
      9796,
      11430,
      11965,
      12193,
      12535,
      13480,
      13924
    ],
    "Seraphine": [
      500,
      500,
      604,
      874,
      1422,
      1614,
      1925,
      2297,
      2613,
      2903,
      3310,
      3667,
      3794,
      4150,
      4586,
      5418,
      6034,
      6213,
      6531,
      6932,
      7423,
      7546,
      8290,
      8862,
      9070,
      9711,
      10569,
      10895
    ],
    "Swain": [
      500,
      500,
      567,
      773,
      1042,
      1351,
      1570,
      2060,
      2326,
      2606,
      2821,
      3126,
      3565,
      3917,
      4104,
      4591,
      4967,
      5306,
      5708,
      5860,
      6013,
      6193,
      6486,
      7323,
      7477,
      7964,
      8203,
      8375
    ],
    "Garen": [
      500,
      500,
      583,
      1250,
      1582,
      2231,
      2520,
      3026,
      3680,
      3978,
      4259,
      4486,
      5125,
      6145,
      6561,
      6865,
      7439,
      7797,
      9482,
      9710,
      10090,
      10317,
      10503,
      10946,
      11393,
      11893,
      12217,
      12325
    ],
    "Briar": [
      500,
      500,
      631,
      1014,
      1416,
      1568,
      1845,
      2197,
      2669,
      3357,
      3608,
      4256,
      4817,
      5060,
      5331,
      5614,
      5736,
      6341,
      7336,
      7722,
      7947,
      8388,
      8511,
      8634,
      9468,
      9775,
      10016,
      10073
    ],
    "Veigar": [
      500,
      500,
      597,
      846,
      1073,
      1332,
      1615,
      1967,
      2246,
      2550,
      2881,
      3186,
      3441,
      3693,
      3941,
      4239,
      4445,
      4779,
      5071,
      5341,
      5623,
      6247,
      6579,
      7895,
      9055,
      9221,
      9934,
      9991
    ],
    "Caitlyn": [
      500,
      500,
      609,
      1191,
      1433,
      2024,
      2356,
      2479,
      3173,
      3296,
      3703,
      3986,
      4497,
      5001,
      5408,
      5636,
      5901,
      7290,
      7582,
      7970,
      8670,
      8793,
      8915,
      9156,
      9730,
      10095,
      10301,
      10359
    ],
    "Thresh": [
      500,
      505,
      572,
      1122,
      1358,
      1694,
      1864,
      2085,
      2485,
      2658,
      2870,
      3131,
      3624,
      3949,
      4141,
      4299,
      4465,
      4869,
      5226,
      5379,
      5531,
      5684,
      6262,
      6431,
      6892,
      7050,
      7292,
      7363
    ]
  }
}