{
  "matchId": "EUW1_7583305682",
  "gameMode": "CLASSIC",
  "timestamps": [
    0.0,
    1.0002166666666668,
    2.0002666666666666,
    3.0006333333333335,
    4.00085,
    5.001016666666667,
    6.00125,
    7.003266666666667,
    8.003316666666667,
    9.003516666666666,
    10.00375,
    11.004283333333333,
    12.004816666666667,
    13.004833333333334,
    14.004916666666666,
    15.00515,
    16.005216666666666,
    17.005366666666667,
    18.005633333333332,
    19.005816666666668,
    20.0061,
    21.00615,
    22.006333333333334,
    23.006533333333334,
    24.006616666666666,
    25.006816666666666,
    26.00725,
    27.007733333333334,
    28.00796666666667,
    29.008216666666666,
    30.008616666666665,
    31.009116666666667,
    31.044183333333333
  ],
  "gold": {
    "Quinn": [
      500,
      500,
      632,
      881,
      1220,
      1570,
      1825,
      2128,
      2484,
      2801,
      3183,
      3572,
      4323,
      4578,
      4701,
      5128,
      5418,
      6145,
      6455,
      6723,
      7083,
      7749,
      8011,
      8880,
      9842,
      10951,
      11443,
      11615,
      12814,
      13365,
      13814,
      14798,
      14801
    ],
    "Volibear": [
      500,
      500,
      584,
      773,
      1083,
      1263,
      1514,
      1842,
      2090,
      2379,
      2690,
      3016,
      3435,
      3727,
      4033,
      4726,
      4983,
      5768,
      6239,
      6655,
      7033,
      7665,
      8130,
      8715,
      9062,
      9734,
      9951,
      10808,
      11815,
      12327,
      13485,
      14142,
      14146
    ],
    "Zed": [
      500,
      500,
      625,
      776,
      1143,
      1798,
      2053,
      2391,
      2969,
      3230,
      3794,
      4252,
      4507,
      4781,
      4917,
      5211,
      5532,
      6519,
      6747,
      7197,
      7320,
      7940,
      8185,
      8474,
      8860,
      9344,
      9556,
      9813,
      10079,
      10227,
      10650,
      10914,
      10917
    ],
    "Hwei": [
      500,
      500,
      632,
      923,
      1290,
      1584,
      1902,
      2390,
      2899,
      3188,
      3757,
      4167,
      4897,
      5206,
      5802,
      6329,
      7186,
      7486,
      8164,
      8695,
      9055,
      9303,
      10258,
      10637,
      11177,
      11324,
      11852,
      12609,
      13526,
      13889,
      14313,
      15729,
      15732
    ],
    "Xerath": [
      500,
      500,
      562,
      748,
      938,
      1094,
      1319,
      1819,
      2143,
      2379,
      2746,
      2964,
      3444,
      3658,
      4190,
      4393,
      5071,
      6027,
      6184,
      6883,
      7035,
      7313,
      7918,
      8384,
      8561,
      9152,
      9369,
      10218,
      10639,
      11032,
      11486,
      11979,
      11983
    ],
    "Garen": [
      500,
      500,
      541,
      832,
      1192,
      1399,
      1748,
      2107,
      2456,
      2774,
      3196,
      3423,
      3770,
      4674,
      5160,
      5610,
      6274,
      6579,
      6785,
      6943,
      7274,
      7460,
      7632,
      7824,
      8135,
      10316,
      10821,
      11344,
      11686,
      11929,
      12352,
      12475,
      12478
    ],
    "Viego": [
      500,
      500,
      683,
      840,
      1147,
      1455,
      1682,
      1885,
      2102,
      2463,
      3120,
      3413,
      3843,
      4668,
      5070,
      5579,
      5971,
      6847,
      6969,
      7704,
      7987,
      8238,
      8536,
      8714,
      8957,
      10330,
      10852,
      10974,
      11163,
      11680,
      11987,
      12109,
      12112
    ],
    "Anivia": [
      500,
      500,
      841,
      1069,
      1310,
      1611,
      1817,
      2063,
      2405,
      2716,
      3437,
      3714,
      4486,
      4947,
      5452,
      5574,
      5832,
      6209,
      6604,
      7133,
      7312,
      7434,
      7815,
      7938,
      8276,
      8583,
      8964,
      9128,
      9489,
      9814,
      10431,
      10865,
      10868
    ],
    "Jinx": [
      500,
      500,
      604,
      881,
      1064,
      1463,
      1721,
      2073,
      2352,
      2705,
      2848,
      3265,
      3402,
      4055,
      4219,
      4721,
      5256,
      5548,
      5718,
      6064,
      6340,
      6484,
      6698,
      7009,
      7271,
      7930,
      8205,
      8481,
      9507,
      10498,
      10782,
      11132,
      11135
    ],
    "Velkoz": [
      500,
      500,
      576,
      752,
      932,
      1118,
      1310,
      1465,
      1656,
      1934,
      2369,
      2603,
      2818,
      3301,
      3498,
      3693,
      4016,
      4168,
      4349,
      4942,
      5123,
      5317,
      5644,
      5853,
      6149,
      7021,
      7197,
      7540,
      8220,
      8483,
      8651,
      8880,
      8884
    ]
  }
}