{
  "matchId": "EUW1_7584549402",
  "gameMode": "CLASSIC",
  "timestamps": [
    0.0,
    1.00055,
    2.0009333333333332,
    3.0023333333333335,
    4.00265,
    5.0030833333333335,
    6.003533333333333,
    7.004066666666667,
    8.004533333333333,
    9.005,
    10.00555,
    11.0059,
    12.006333333333334,
    13.006683333333333,
    14.006816666666667,
    15.006916666666667,
    16.007133333333332,
    17.007266666666666,
    18.00775,
    19.007766666666665,
    20.00825,
    21.0087,
    22.00871666666667,
    23.008766666666666,
    24.008983333333333,
    25.0095,
    26.0099,
    27.0104,
    28.010433333333335,
    29.01055,
    30.01075,
    30.474166666666665
  ],
  "gold": {
    "Yasuo": [
      500,
      500,
      632,
      937,
      1318,
      1661,
      2097,
      2393,
      2770,
      3053,
      3560,
      3697,
      4078,
      4471,
      4593,
      4926,
      6022,
      6228,
      8180,
      8353,
      8881,
      9186,
      9813,
      10325,
      10532,
      10907,
      11193,
      11759,
      11881,
      12646,
      13199,
      13255
    ],
    "Kayn": [
      500,
      500,
      631,
      1014,
      1421,
      1606,
      1828,
      2240,
      2472,
      2595,
      2974,
      3271,
      3759,
      4001,
      4466,
      4842,
      5210,
      5810,
      6007,
      6662,
      7342,
      7685,
      8001,
      8203,
      8436,
      8643,
      9244,
      9675,
      9882,
      11164,
      11594,
      11650
    ],
    "Syndra": [
      500,
      500,
      617,
      970,
      1336,
      1641,
      1991,
      2322,
      2682,
      2963,
      3374,
      3742,
      3993,
      4392,
      4785,
      5139,
      5521,
      5839,
      6352,
      6853,
      8085,
      8380,
      9174,
      10030,
      10152,
      10448,
      13030,
      13326,
      14095,
      14808,
      15622,
      15678
    ],
    "Ziggs": [
      500,
      500,
      604,
      965,
      1297,
      1574,
      1874,
      2115,
      2859,
      3235,
      3451,
      3819,
      4474,
      4809,
      5267,
      5578,
      5894,
      6272,
      6643,
      7350,
      7619,
      7980,
      8297,
      8605,
      9386,
      9725,
      10530,
      10728,
      11040,
      11574,
      11926,
      11982
    ],
    "Ashe": [
      500,
      500,
      567,
      782,
      982,
      1143,
      1328,
      1596,
      1895,
      2091,
      2274,
      2449,
      2807,
      2982,
      3263,
      3464,
      3621,
      3774,
      4223,
      4476,
      4678,
      4837,
      5169,
      5426,
      5669,
      5951,
      6387,
      6657,
      6810,
      7061,
      7316,
      7386
    ],
    "Jax": [
      500,
      500,
      583,
      909,
      1227,
      1563,
      1853,
      2212,
      2391,
      3133,
      3506,
      4484,
      4985,
      5300,
      5705,
      5981,
      6336,
      6956,
      7099,
      7960,
      8521,
      8732,
      9135,
      9702,
      9975,
      10404,
      11052,
      11370,
      12235,
      12737,
      13247,
      13303
    ],
    "Qiyana": [
      500,
      500,
      616,
      938,
      1355,
      1575,
      1807,
      2030,
      2466,
      3301,
      3594,
      4108,
      4390,
      4836,
      5097,
      5651,
      6497,
      6943,
      7731,
      8197,
      9132,
      9551,
      9728,
      10482,
      10843,
      11273,
      11420,
      11759,
      12586,
      13688,
      13920,
      14668
    ],
    "Yone": [
      500,
      500,
      646,
      895,
      1206,
      1465,
      1671,
      2002,
      2330,
      2839,
      3190,
      3510,
      3793,
      4060,
      4639,
      4894,
      6077,
      6400,
      6878,
      7246,
      7572,
      7918,
      8334,
      9925,
      10312,
      11114,
      11278,
      11703,
      12792,
      13382,
      14746,
      14976
    ],
    "Sivir": [
      500,
      500,
      618,
      937,
      1234,
      1577,
      1776,
      2107,
      2515,
      2919,
      3435,
      3821,
      4013,
      4247,
      4462,
      4844,
      5250,
      5669,
      6065,
      6794,
      7403,
      7931,
      8473,
      8855,
      9264,
      9824,
      10218,
      10910,
      12005,
      12153,
      12556,
      12880
    ],
    "Nami": [
      500,
      500,
      567,
      763,
      958,
      1149,
      1289,
      1519,
      1965,
      2329,
      2742,
      3125,
      3365,
      3518,
      3794,
      3957,
      4197,
      4424,
      4617,
      4909,
      5438,
      5661,
      5864,
      6552,
      6704,
      7073,
      7354,
      7605,
      8346,
      8523,
      8878,
      9105
    ]
  }
}