{
  "matchId": "EUW1_7583264463",
  "gameMode": "CLASSIC",
  "timestamps": [
    0.0,
    1.0005333333333333,
    2.0008333333333335,
    3.0010833333333333,
    4.00115,
    5.001383333333333,
    6.001416666666667,
    7.003316666666667,
    8.003416666666666,
    9.003833333333333,
    10.0041,
    11.004333333333333,
    12.004783333333334,
    13.005066666666666,
    14.005566666666667,
    15.0059,
    16.0059,
    17.00595,
    18.005983333333333,
    19.006483333333332,
    20.006666666666668,
    21.00715,
    22.007433333333335,
    23.00775,
    24.008,
    25.008066666666668,
    26.008433333333333,
    27.00871666666667,
    28.008966666666666,
    29.009283333333332,
    30.00975,
    31.0099,
    31.3157
  ],
  "gold": {
    "Darius": [
      500,
      500,
      541,
      720,
      912,
      1189,
      1563,
      1859,
      2299,
      2718,
      3122,
      3427,
      3591,
      4032,
      4217,
      4606,
      5003,
      5430,
      6485,
      6656,
      7316,
      7878,
      8344,
      8466,
      8641,
      9096,
      9219,
      9366,
      9705,
      9827,
      10012,
      10225,
      10261
    ],
    "Shaco": [
      500,
      500,
      631,
      1014,
      1335,
      1535,
      1787,
      2009,
      2336,
      2597,
      2859,
      3091,
      3368,
      3670,
      3883,
      4005,
      4386,
      5316,
      5483,
      5833,
      5955,
      6232,
      6588,
      7047,
      7289,
      7882,
      8015,
      8316,
      8438,
      8929,
      9051,
      9409,
      9446
    ],
    "Syndra": [
      500,
      500,
      646,
      867,
      1220,
      1399,
      1689,
      2069,
      2658,
      2961,
      3330,
      3990,
      4308,
      4889,
      5284,
      5852,
      6436,
      6999,
      7184,
      7676,
      8067,
      8484,
      9039,
      9616,
      10409,
      11016,
      11277,
      11424,
      11623,
      11767,
      12105,
      12589,
      12626
    ],
    "Jhin": [
      500,
      500,
      618,
      944,
      1297,
      1546,
      1895,
      2136,
      2259,
      2718,
      3366,
      3593,
      3904,
      4263,
      4670,
      4877,
      5202,
      5717,
      6440,
      6576,
      6879,
      7415,
      7865,
      8807,
      9165,
      9517,
      10025,
      11376,
      11646,
      12326,
      12886,
      13034,
      13071
    ],
    "Velkoz": [
      500,
      500,
      562,
      762,
      952,
      1148,
      1288,
      1556,
      1789,
      2299,
      2748,
      2921,
      3160,
      3348,
      3560,
      3796,
      4079,
      4281,
      4537,
      4704,
      4891,
      5114,
      5408,
      5662,
      6149,
      6365,
      6706,
      7058,
      7395,
      7728,
      7880,
      8109,
      8155
    ],
    "Nasus": [
      500,
      500,
      541,
      821,
      1160,
      1398,
      1681,
      2006,
      2163,
      2574,
      2814,
      3206,
      3384,
      3727,
      4435,
      4838,
      5166,
      5495,
      5952,
      6248,
      6637,
      6834,
      7234,
      7615,
      7826,
      8208,
      8331,
      9442,
      10051,
      11928,
      12231,
      12923,
      13906
    ],
    "Volibear": [
      500,
      500,
      616,
      1258,
      1458,
      1675,
      2093,
      2335,
      2638,
      2813,
      3119,
      3823,
      4200,
      4587,
      5610,
      6036,
      6279,
      6576,
      7905,
      8274,
      8757,
      9647,
      10053,
      10237,
      10432,
      11180,
      11398,
      12136,
      12707,
      13224,
      13658,
      14812,
      15148
    ],
    "Katarina": [
      500,
      500,
      583,
      874,
      996,
      1262,
      1440,
      1723,
      1895,
      2017,
      2355,
      2491,
      2739,
      3028,
      3444,
      3673,
      4051,
      4203,
      5123,
      5350,
      5780,
      6214,
      6652,
      6856,
      6978,
      7225,
      8044,
      9195,
      9374,
      9929,
      10585,
      11639,
      11801
    ],
    "Caitlyn": [
      500,
      500,
      646,
      958,
      1290,
      1668,
      2111,
      2386,
      3070,
      3220,
      3642,
      3869,
      4166,
      4540,
      4967,
      5307,
      5604,
      5898,
      6305,
      6679,
      7561,
      8378,
      9025,
      10007,
      10297,
      11260,
      11785,
      12792,
      13359,
      14765,
      15260,
      15848,
      16009
    ],
    "Karma": [
      500,
      500,
      567,
      753,
      943,
      1139,
      1309,
      1464,
      1772,
      1980,
      2216,
      2383,
      2584,
      2846,
      3084,
      3363,
      3552,
      3720,
      3872,
      4025,
      4412,
      4661,
      4863,
      5041,
      5193,
      5795,
      5974,
      6577,
      6735,
      6962,
      7149,
      7459,
      7700
    ]
  }
}