{
  "matchId": "EUW1_7586677214",
  "gameMode": "CLASSIC",
  "timestamps": [
    0.0,
    1.0002666666666666,
    2.0006833333333334,
    3.000766666666667,
    4.0008,
    5.001016666666667,
    6.001516666666666,
    7.001516666666666,
    8.001866666666666,
    9.003883333333333,
    10.004366666666666,
    11.00455,
    12.004883333333334,
    13.005066666666666,
    14.005166666666666,
    15.005183333333333,
    16.005583333333334,
    17.00575,
    18.00605,
    19.006333333333334,
    20.006433333333334,
    21.0069,
    22.00705,
    23.007183333333334,
    24.0076,
    25.007683333333333,
    26.007816666666667,
    27.008316666666666,
    28.008633333333332,
    29.009166666666665,
    30.0092,
    31.0094,
    32.009933333333336,
    32.42215
  ],
  "gold": {
    "Yorick": [
      500,
      500,
      604,
      872,
      1353,
      1741,
      2081,
      2278,
      2974,
      3277,
      3422,
      3635,
      4069,
      4453,
      4831,
      4979,
      5289,
      5635,
      6106,
      6979,
      7390,
      7905,
      8154,
      8468,
      8800,
      9104,
      10046,
      10184,
      10511,
      11264,
      11797,
      12002,
      12342,
      12537
    ],
    "Evelynn": [
      500,
      500,
      631,
      1043,
      1635,
      2092,
      2438,
      2751,
      2983,
      3681,
      3960,
      4203,
      4704,
      4827,
      5229,
      5735,
      6011,
      6586,
      6841,
      7014,
      7997,
      8296,
      8524,
      8940,
      9251,
      9478,
      10060,
      10272,
      10614,
      11182,
      11604,
      12135,
      12468,
      12909
    ],
    "Syndra": [
      500,
      500,
      646,
      922,
      1336,
      1786,
      2115,
      2481,
      2699,
      3390,
      3572,
      3875,
      4615,
      4915,
      5715,
      6472,
      6625,
      6964,
      8053,
      8848,
      8982,
      10283,
      10405,
      11191,
      11559,
      11692,
      12229,
      12875,
      13217,
      14196,
      14318,
      14441,
      15953,
      16003
    ],
    "Kaisa": [
      500,
      500,
      597,
      881,
      1241,
      1612,
      2187,
      2456,
      2840,
      3108,
      3410,
      3989,
      4342,
      4623,
      5025,
      5570,
      6213,
      6455,
      6627,
      7133,
      7256,
      7873,
      8058,
      8487,
      8714,
      8913,
      9566,
      10017,
      10344,
      11457,
      11579,
      11897,
      12082,
      12132
    ],
    "Rakan": [
      500,
      500,
      574,
      781,
      973,
      1166,
      1493,
      1638,
      1799,
      2132,
      2666,
      2829,
      3159,
      3336,
      3528,
      4042,
      4452,
      4645,
      5105,
      5418,
      5586,
      5912,
      6114,
      6456,
      6608,
      6873,
      7211,
      7368,
      7532,
      8294,
      8468,
      8665,
      8817,
      9075
    ],
    "Sion": [
      500,
      500,
      618,
      931,
      1267,
      1441,
      1704,
      2074,
      2507,
      2915,
      3587,
      3863,
      4209,
      4635,
      5065,
      5244,
      5540,
      5928,
      6234,
      6436,
      6871,
      7421,
      7614,
      7930,
      8280,
      8452,
      9244,
      9743,
      10074,
      10349,
      11366,
      11761,
      12095,
      12555
    ],
    "Viego": [
      500,
      500,
      631,
      1014,
      1749,
      2122,
      2510,
      2816,
      3162,
      3510,
      4046,
      4532,
      4924,
      5230,
      5661,
      5941,
      6212,
      6945,
      7238,
      7983,
      9233,
      10574,
      11111,
      11582,
      13165,
      14099,
      14571,
      14694,
      15459,
      16621,
      17028,
      17806,
      19271,
      20270
    ],
    "Lissandra": [
      500,
      500,
      625,
      909,
      1150,
      1804,
      2080,
      2576,
      2889,
      3191,
      3672,
      3925,
      4153,
      4473,
      4638,
      5541,
      5664,
      6237,
      6461,
      6666,
      6964,
      7611,
      7783,
      8079,
      8320,
      9457,
      9821,
      10266,
      10459,
      10904,
      11315,
      11706,
      12232,
      12804
    ],
    "Ziggs": [
      500,
      500,
      609,
      927,
      1288,
      1663,
      1966,
      2221,
      2619,
      2939,
      3279,
      3610,
      3957,
      4582,
      4984,
      5239,
      5621,
      6027,
      6760,
      7344,
      7692,
      8189,
      8956,
      9381,
      11005,
      11710,
      12310,
      12758,
      13255,
      14899,
      15695,
      16173,
      17097,
      17247
    ],
    "Poppy": [
      500,
      500,
      574,
      767,
      952,
      1138,
      1322,
      1821,
      2002,
      2225,
      3093,
      3295,
      3528,
      3774,
      3951,
      4422,
      4584,
      4917,
      5459,
      5724,
      5979,
      6314,
      6536,
      6739,
      7184,
      7522,
      7759,
      7983,
      8306,
      9019,
      9196,
      9608,
      9786,
      10260
    ]
  }
}