{
  "matchId": "EUW1_7589585859",
  "gameMode": "CLASSIC",
  "timestamps": [
    0.0,
    1.0001833333333334,
    2.0006,
    3.0022333333333333,
    4.002633333333334,
    5.0027,
    6.003166666666667,
    7.00365,
    8.0038,
    9.003883333333333,
    10.003983333333334,
    11.00445,
    12.004716666666667,
    13.00475,
    14.005266666666667,
    15.00575,
    16.00583333333333,
    17.00595,
    18.00635,
    19.006566666666668,
    20.006733333333333,
    21.007033333333332,
    22.007433333333335,
    23.007783333333332,
    24.008333333333333,
    25.008533333333332,
    26.008883333333333,
    27.009116666666667,
    28.009383333333332,
    29.009833333333333,
    30.010283333333334,
    31.010316666666668,
    32.01085,
    33.01116666666667,
    33.52673333333333
  ],
  "gold": {
    "Tryndamere": [
      500,
      500,
      625,
      839,
      1470,
      1812,
      1949,
      2652,
      3046,
      3613,
      4021,
      4248,
      4497,
      5019,
      5847,
      5970,
      6389,
      7097,
      7352,
      7861,
      8373,
      8797,
      9024,
      9336,
      9676,
      10048,
      10630,
      10850,
      11722,
      12196,
      13317,
      14516,
      15088,
      15359,
      15710
    ],
    "Zac": [
      500,
      500,
      631,
      1043,
      1246,
      1368,
      2108,
      2439,
      2826,
      3098,
      3522,
      4282,
      4510,
      4969,
      5401,
      5623,
      5930,
      6195,
      6492,
      6765,
      7418,
      7764,
      8538,
      9322,
      9757,
      10060,
      10223,
      11032,
      11704,
      12038,
      12524,
      13394,
      13522,
      14549,
      14767
    ],
    "Azir": [
      500,
      500,
      611,
      923,
      1171,
      1385,
      1591,
      1839,
      2223,
      2534,
      2905,
      3276,
      3587,
      4251,
      4771,
      5041,
      5623,
      6763,
      7089,
      7379,
      7817,
      8226,
      8801,
      9108,
      9642,
      10198,
      10411,
      11119,
      11593,
      11716,
      11915,
      12422,
      12753,
      13515,
      13677
    ],
    "MissFortune": [
      500,
      500,
      604,
      865,
      1249,
      1467,
      2025,
      2349,
      2709,
      2979,
      4114,
      4504,
      4857,
      5293,
      6003,
      6210,
      6650,
      7125,
      8157,
      8279,
      9719,
      9905,
      11590,
      11907,
      13160,
      13519,
      13864,
      14591,
      16009,
      16401,
      17382,
      17947,
      18735,
      20498,
      20660
    ],
    "Nasus": [
      500,
      500,
      569,
      797,
      996,
      1196,
      1456,
      1704,
      1904,
      2144,
      2559,
      2759,
      3000,
      3453,
      3849,
      4001,
      4183,
      4456,
      5000,
      5152,
      5534,
      5742,
      6197,
      6385,
      6680,
      6833,
      7001,
      7257,
      8001,
      8213,
      8816,
      9391,
      9543,
      9919,
      10096
    ],
    "Kled": [
      500,
      500,
      562,
      1180,
      1379,
      1607,
      2210,
      2499,
      2924,
      3248,
      3817,
      4227,
      4496,
      4930,
      5199,
      6210,
      6652,
      7316,
      7717,
      8134,
      8577,
      9114,
      10302,
      10779,
      11652,
      12012,
      12870,
      13439,
      13575,
      13987,
      14379,
      14703,
      15035,
      16862,
      16924
    ],
    "Jax": [
      500,
      500,
      616,
      929,
      1307,
      1714,
      2170,
      2398,
      2925,
      3298,
      3515,
      3861,
      4244,
      4387,
      4678,
      5374,
      5851,
      6183,
      7038,
      7900,
      8023,
      8327,
      8712,
      9165,
      9341,
      9758,
      10160,
      11315,
      11438,
      11725,
      11872,
      13435,
      13725,
      14054,
      14116
    ],
    "Katarina": [
      500,
      500,
      632,
      888,
      1192,
      1832,
      2080,
      2480,
      2857,
      3745,
      4029,
      4604,
      4831,
      5393,
      5606,
      6296,
      6418,
      7731,
      7853,
      8165,
      8434,
      8793,
      9322,
      9946,
      10615,
      10738,
      11328,
      11631,
      11898,
      12083,
      12940,
      13185,
      13635,
      13911,
      13973
    ],
    "Kaisa": [
      500,
      500,
      646,
      930,
      1262,
      1919,
      2193,
      2522,
      2936,
      3259,
      3537,
      3923,
      4201,
      4433,
      4659,
      4927,
      5182,
      5758,
      5970,
      6414,
      6732,
      7624,
      8086,
      8312,
      8626,
      9029,
      9342,
      9658,
      10656,
      11128,
      11275,
      11966,
      12273,
      12627,
      12689
    ],
    "Xerath": [
      500,
      500,
      547,
      782,
      957,
      1255,
      1542,
      1755,
      2174,
      2416,
      2599,
      2834,
      3080,
      3631,
      3903,
      4651,
      4907,
      5910,
      6271,
      6459,
      6716,
      7203,
      7512,
      7665,
      7889,
      8210,
      8398,
      8863,
      9243,
      9457,
      9667,
      10192,
      10512,
      10926,
      11004
    ]
  }
}