{
  "matchId": "EUW1_7588026331",
  "gameMode": "CLASSIC",
  "timestamps": [
    0.0,
    1.0002333333333333,
    2.00065,
    3.00075,
    4.0011,
    5.001383333333333,
    6.0017,
    7.003033333333334,
    8.003216666666667,
    9.003433333333334,
    10.003666666666666,
    11.003783333333333,
    12.003933333333332,
    13.0042,
    14.004333333333333,
    15.0045,
    16.004783333333332,
    17.0052,
    18.005666666666666,
    19.00615,
    20.006283333333332,
    21.006566666666668,
    22.006866666666667,
    23.0074,
    24.007666666666665,
    25.007766666666665,
    26.00825,
    27.008733333333332,
    28.009166666666665,
    29.009333333333334,
    30.009716666666666,
    31.009816666666666,
    32.009816666666666,
    33.010083333333334,
    33.95243333333333
  ],
  "gold": {
    "Varus": [
      500,
      500,
      632,
      965,
      1102,
      1381,
      1518,
      1843,
      2085,
      2317,
      2440,
      2628,
      2866,
      3189,
      3455,
      4124,
      4583,
      4817,
      5274,
      5672,
      6141,
      7201,
      7339,
      7678,
      7953,
      8075,
      8469,
      9548,
      10062,
      10184,
      10635,
      12030,
      12153,
      12275,
      12389
    ],
    "Shyvana": [
      500,
      500,
      631,
      1014,
      1435,
      1618,
      1869,
      2132,
      2804,
      3749,
      4090,
      4985,
      5698,
      5950,
      6291,
      6488,
      6899,
      7096,
      7545,
      7876,
      8128,
      8492,
      9115,
      9454,
      10054,
      11429,
      11722,
      12171,
      12418,
      12961,
      13238,
      13479,
      13918,
      14179,
      14412
    ],
    "Galio": [
      500,
      505,
      637,
      949,
      1309,
      1629,
      1919,
      2181,
      2661,
      2997,
      3314,
      3717,
      4035,
      4316,
      4697,
      4820,
      5233,
      5418,
      5771,
      5991,
      6337,
      6672,
      6919,
      7418,
      7540,
      7948,
      8572,
      8869,
      9643,
      10113,
      10458,
      10644,
      10766,
      11046,
      11356
    ],
    "Twitch": [
      500,
      500,
      611,
      853,
      1171,
      1486,
      1685,
      2009,
      2258,
      2913,
      3209,
      3961,
      4199,
      4631,
      4971,
      5135,
      5883,
      6307,
      6576,
      7029,
      7165,
      7428,
      7704,
      8403,
      8839,
      9303,
      9635,
      10112,
      10537,
      10827,
      11094,
      11525,
      11704,
      11993,
      12295
    ],
    "Xerath": [
      500,
      500,
      562,
      772,
      981,
      1142,
      1377,
      1565,
      1776,
      2162,
      2376,
      3306,
      3811,
      4060,
      4212,
      4364,
      4567,
      5365,
      5517,
      5750,
      5965,
      6688,
      6919,
      7185,
      7473,
      7794,
      8170,
      8462,
      8715,
      8881,
      9423,
      9775,
      9927,
      10079,
      11432
    ],
    "Jax": [
      500,
      500,
      541,
      720,
      1628,
      1856,
      2683,
      2869,
      3225,
      3402,
      3761,
      4206,
      4629,
      5000,
      5297,
      5525,
      6223,
      6863,
      7251,
      7596,
      8018,
      8212,
      8474,
      8835,
      10079,
      10258,
      11428,
      11776,
      12720,
      12842,
      12978,
      14278,
      15370,
      17199,
      18508
    ],
    "Nunu": [
      500,
      500,
      631,
      918,
      1386,
      1669,
      2213,
      2561,
      2843,
      3190,
      3583,
      3705,
      3827,
      4115,
      4506,
      5184,
      5356,
      5842,
      6159,
      6459,
      6771,
      7187,
      7514,
      8799,
      9220,
      9551,
      9699,
      10104,
      10579,
      10840,
      11362,
      11985,
      12355,
      13418,
      14190
    ],
    "Mel": [
      500,
      500,
      625,
      914,
      1288,
      1650,
      1926,
      2264,
      2597,
      2908,
      3420,
      3753,
      4252,
      4561,
      4884,
      5802,
      6187,
      6935,
      7058,
      7564,
      8127,
      8761,
      9095,
      9976,
      10434,
      10979,
      11722,
      12051,
      12932,
      13284,
      13449,
      13924,
      14233,
      15427,
      16996
    ],
    "Jhin": [
      500,
      500,
      604,
      916,
      1234,
      1469,
      1858,
      2242,
      2518,
      2854,
      3208,
      3335,
      4182,
      4540,
      5165,
      5495,
      5785,
      6484,
      7109,
      8438,
      8651,
      8843,
      9073,
      9462,
      9831,
      10358,
      10817,
      11077,
      11401,
      11628,
      12212,
      12625,
      12814,
      13895,
      14479
    ],
    "Morgana": [
      500,
      500,
      547,
      738,
      963,
      1139,
      1364,
      1533,
      1786,
      2000,
      2152,
      2370,
      2607,
      2811,
      2964,
      3342,
      3545,
      4176,
      4363,
      4834,
      5216,
      5521,
      5673,
      6435,
      6700,
      7025,
      7298,
      7451,
      7669,
      7836,
      8119,
      8637,
      9541,
      10155,
      10781
    ]
  }
}