{
  "matchId": "EUW1_7585549393",
  "gameMode": "CLASSIC",
  "timestamps": [
    0.0,
    1.0001166666666668,
    2.0003166666666665,
    3.00035,
    4.00085,
    5.002766666666667,
    6.003216666666667,
    7.0037,
    8.003816666666667,
    9.004066666666667,
    10.004216666666666,
    11.0044,
    12.004733333333334,
    13.005116666666666,
    14.005166666666666,
    15.005233333333333,
    16.005316666666666,
    17.005416666666665,
    18.005916666666668,
    19.006133333333334,
    20.0065,
    21.006766666666667,
    22.007233333333332,
    23.007683333333333,
    24.008,
    25.0085,
    26.009016666666668,
    27.009133333333335,
    27.6365
  ],
  "gold": {
    "Mordekaiser": [
      500,
      500,
      597,
      909,
      1519,
      1792,
      2047,
      2399,
      3103,
      3459,
      4063,
      4473,
      4742,
      5235,
      6112,
      6503,
      6901,
      7787,
      8210,
      8569,
      8979,
      9297,
      9497,
      10197,
      10344,
      10532,
      10856,
      11863,
      12842
    ],
    "Trundle": [
      500,
      500,
      631,
      1014,
      1416,
      1538,
      1845,
      2418,
      2744,
      2966,
      3383,
      3805,
      4352,
      4924,
      5899,
      6557,
      7134,
      7601,
      7889,
      8354,
      9471,
      9702,
      10293,
      11255,
      11743,
      12301,
      12609,
      13176,
      13514
    ],
    "Mel": [
      500,
      500,
      646,
      958,
      1318,
      1710,
      2021,
      2632,
      2988,
      3259,
      3646,
      4640,
      4930,
      5527,
      5649,
      6454,
      7469,
      7818,
      8109,
      8713,
      8860,
      9088,
      9483,
      10025,
      10204,
      10509,
      10667,
      12063,
      12854
    ],
    "Jhin": [
      500,
      500,
      632,
      902,
      1701,
      2065,
      2411,
      2756,
      3355,
      3808,
      4231,
      4569,
      5385,
      6244,
      6640,
      7687,
      7830,
      8227,
      8827,
      9193,
      9445,
      9665,
      10461,
      11414,
      11585,
      11774,
      12188,
      14283,
      14699
    ],
    "Nautilus": [
      500,
      500,
      562,
      755,
      1233,
      1395,
      1566,
      1817,
      2105,
      2439,
      2641,
      2899,
      3056,
      3579,
      3826,
      4682,
      4991,
      5158,
      5769,
      6099,
      6276,
      6463,
      7165,
      8147,
      8304,
      8516,
      8704,
      10213,
      10494
    ],
    "Renekton": [
      500,
      500,
      583,
      916,
      1157,
      1556,
      2113,
      2472,
      2651,
      2976,
      3279,
      3436,
      3684,
      4433,
      4856,
      5210,
      5395,
      5573,
      6544,
      6771,
      7957,
      8358,
      8593,
      8752,
      9402,
      9647,
      10069,
      10191,
      11013
    ],
    "Warwick": [
      500,
      500,
      631,
      958,
      1450,
      1633,
      2239,
      2467,
      2993,
      3271,
      3762,
      4075,
      4411,
      5140,
      6064,
      6349,
      6582,
      6955,
      7171,
      7572,
      8227,
      8445,
      8705,
      9326,
      9449,
      9801,
      10039,
      10161,
      10236
    ],
    "Veigar": [
      500,
      500,
      621,
      892,
      1504,
      1790,
      2070,
      2297,
      2580,
      3223,
      3588,
      3802,
      4486,
      5094,
      5402,
      5668,
      6039,
      6332,
      6727,
      7014,
      7179,
      7882,
      8925,
      9170,
      9491,
      9958,
      10421,
      10773,
      11043
    ],
    "Brand": [
      500,
      500,
      611,
      802,
      1078,
      1672,
      1948,
      2140,
      2554,
      3405,
      3707,
      4107,
      4574,
      4829,
      5474,
      5662,
      5910,
      6230,
      6510,
      6807,
      7146,
      7407,
      7704,
      8022,
      8513,
      10136,
      10546,
      10668,
      10844
    ],
    "Alistar": [
      500,
      500,
      562,
      762,
      1036,
      1369,
      1559,
      1726,
      1982,
      2364,
      2580,
      2846,
      3225,
      3449,
      3772,
      3934,
      4086,
      4274,
      4486,
      4684,
      4970,
      5128,
      5280,
      5432,
      5615,
      5858,
      6011,
      6163,
      6357
    ]
  }
}