{
  "matchId": "EUW1_7534310875",
  "gameMode": "CLASSIC",
  "timestamps": [
    0.0,
    1.0002166666666668,
    2.0007166666666665,
    3.002066666666667,
    4.002466666666667,
    5.002866666666667,
    6.0033666666666665,
    7.003433333333334,
    8.003716666666667,
    9.004233333333334,
    10.004583333333333,
    11.004983333333334,
    12.0051,
    13.005316666666667,
    14.00555,
    15.005966666666666,
    16.006016666666667,
    17.00645,
    18.006716666666666,
    19.007083333333334,
    20.007633333333334,
    21.00796666666667,
    22.008483333333334,
    23.0087,
    24.0089,
    25.00905,
    26.009233333333334,
    27.00958333333333,
    28.009966666666667,
    29.010383333333333,
    30.010933333333334,
    31.011266666666668,
    32.01176666666667,
    33.01215,
    34.0126,
    35.01305,
    36.0134,
    37.0139,
    38.01415,
    39.014383333333335,
    39.503166666666665
  ],
  "gold": {
    "Nasus": [
      500,
      500,
      555,
      839,
      1241,
      1605,
      1846,
      2219,
      2426,
      2758,
      3071,
      3453,
      3743,
      4500,
      4825,
      5220,
      5639,
      5866,
      6254,
      6705,
      7449,
      8445,
      8805,
      9228,
      9636,
      9800,
      10062,
      10249,
      10761,
      10898,
      11345,
      12595,
      13031,
      13904,
      14375,
      14657,
      15259,
      15601,
      15723,
      16179,
      16239
    ],
    "Teemo": [
      500,
      500,
      631,
      979,
      1410,
      1694,
      2001,
      2337,
      2460,
      2713,
      2886,
      3358,
      3982,
      4223,
      4376,
      4816,
      4939,
      5171,
      5534,
      5796,
      6148,
      6296,
      6808,
      7126,
      7446,
      7767,
      8019,
      8266,
      8483,
      8933,
      9359,
      9482,
      9780,
      10037,
      10160,
      10507,
      10704,
      11136,
      11258,
      11465,
      11567
    ],
    "Hwei": [
      500,
      500,
      611,
      930,
      1255,
      1469,
      1668,
      1902,
      2458,
      2734,
      2881,
      3303,
      4344,
      4709,
      4908,
      5186,
      5542,
      5849,
      6227,
      6413,
      6586,
      6733,
      6920,
      7279,
      7533,
      7831,
      7969,
      8662,
      9160,
      9304,
      9725,
      10216,
      10533,
      10988,
      11257,
      12114,
      12320,
      12901,
      13211,
      13333,
      13393
    ],
    "Caitlyn": [
      500,
      500,
      597,
      958,
      1625,
      1832,
      2184,
      2608,
      3247,
      3570,
      3971,
      4372,
      4701,
      4943,
      6118,
      7237,
      7735,
      8455,
      8629,
      9477,
      10797,
      10944,
      11326,
      12086,
      12403,
      13783,
      14386,
      14615,
      14798,
      15309,
      15821,
      15944,
      16331,
      17297,
      17881,
      18004,
      19223,
      20159,
      20477,
      20836,
      20896
    ],
    "Janna": [
      500,
      500,
      562,
      748,
      1013,
      1260,
      1455,
      1650,
      2006,
      2171,
      2378,
      2571,
      2745,
      2920,
      3743,
      4217,
      4501,
      4938,
      5142,
      5511,
      5893,
      6105,
      6264,
      6466,
      6619,
      7061,
      7246,
      7484,
      7676,
      8005,
      8157,
      8510,
      8662,
      8914,
      9375,
      9702,
      9924,
      10686,
      10839,
      10991,
      11066
    ],
    "Malphite": [
      500,
      500,
      597,
      888,
      1171,
      1511,
      1944,
      2212,
      2482,
      2786,
      3172,
      3420,
      3893,
      4058,
      4376,
      4674,
      5497,
      5811,
      6284,
      6629,
      7110,
      7633,
      8073,
      8481,
      8891,
      9680,
      9968,
      10188,
      10473,
      11312,
      11958,
      12617,
      13139,
      13941,
      14188,
      14697,
      15119,
      15788,
      15936,
      16599,
      16950
    ],
    "LeeSin": [
      500,
      500,
      616,
      934,
      1226,
      1444,
      2050,
      2377,
      3460,
      3677,
      4205,
      4581,
      4828,
      5121,
      5976,
      6213,
      7099,
      7406,
      8261,
      8637,
      9117,
      9815,
      10257,
      10645,
      11192,
      11567,
      11734,
      12325,
      12683,
      13296,
      13928,
      14685,
      14994,
      15706,
      16444,
      16751,
      17327,
      17943,
      18504,
      19161,
      19847
    ],
    "Xerath": [
      500,
      505,
      651,
      963,
      1309,
      1610,
      1830,
      2189,
      2524,
      2723,
      3701,
      4006,
      4233,
      4466,
      5025,
      5541,
      5919,
      6275,
      7023,
      7939,
      8062,
      8520,
      9279,
      9630,
      10246,
      10482,
      11044,
      11517,
      11743,
      12103,
      12734,
      13566,
      13997,
      14524,
      14646,
      15214,
      15814,
      15936,
      16448,
      16716,
      17076
    ],
    "Kaisa": [
      500,
      500,
      637,
      921,
      1197,
      1470,
      1760,
      2091,
      2294,
      2500,
      2872,
      3190,
      3515,
      3771,
      4245,
      4489,
      4859,
      5107,
      6895,
      7227,
      7621,
      7884,
      8654,
      8923,
      10243,
      10610,
      11222,
      11831,
      12157,
      12756,
      13304,
      13915,
      14646,
      14897,
      15145,
      15267,
      15836,
      16863,
      16986,
      17591,
      18506
    ],
    "Lulu": [
      500,
      500,
      562,
      733,
      943,
      1129,
      1319,
      1519,
      1966,
      2200,
      2434,
      2627,
      2861,
      3077,
      3230,
      3572,
      3754,
      3977,
      4491,
      4729,
      5006,
      5361,
      5643,
      5880,
      6227,
      6471,
      6719,
      7046,
      7244,
      7491,
      7943,
      8292,
      8567,
      8844,
      9104,
      9510,
      9962,
      10114,
      10267,
      10534,
      10879
    ]
  }
}