{
  "matchId": "EUW1_7589575816",
  "gameMode": "CLASSIC",
  "timestamps": [
    0.0,
    1.0004166666666667,
    2.0009,
    3.0023166666666667,
    4.002383333333333,
    5.0025,
    6.002516666666667,
    7.003066666666666,
    8.003233333333334,
    9.003666666666666,
    10.003783333333333,
    11.003916666666667,
    12.004033333333334,
    13.004483333333333,
    14.0049,
    15.005083333333333,
    16.005516666666665,
    17.006033333333335,
    18.006133333333334,
    19.006416666666667,
    20.00695,
    21.00715,
    22.0072,
    23.00735,
    24.007433333333335,
    25.00795,
    26.008266666666668,
    27.008366666666667,
    28.008883333333333,
    28.11675
  ],
  "gold": {
    "Malphite": [
      500,
      500,
      618,
      888,
      1234,
      1542,
      1727,
      2114,
      2349,
      2860,
      3060,
      3266,
      4072,
      4430,
      5022,
      5327,
      6068,
      6640,
      7051,
      7174,
      7451,
      7678,
      7928,
      8350,
      8960,
      9446,
      9622,
      10620,
      11821,
      11833
    ],
    "Pantheon": [
      500,
      500,
      631,
      989,
      1261,
      1819,
      2074,
      2282,
      2595,
      3152,
      3659,
      4035,
      4580,
      4718,
      5263,
      5737,
      5860,
      6546,
      7403,
      8100,
      8751,
      9027,
      9330,
      9656,
      10914,
      12137,
      12260,
      13193,
      14638,
      14651
    ],
    "Cassiopeia": [
      500,
      500,
      611,
      1237,
      1506,
      1828,
      2111,
      2484,
      2930,
      3219,
      3600,
      3961,
      4171,
      4398,
      4963,
      5156,
      5514,
      5686,
      6180,
      6569,
      7271,
      7540,
      8078,
      8705,
      9197,
      10158,
      10766,
      11229,
      12254,
      12266
    ],
    "Kaisa": [
      500,
      500,
      632,
      965,
      1269,
      1666,
      1809,
      2238,
      2573,
      3165,
      3358,
      3627,
      3993,
      4406,
      4823,
      5112,
      5426,
      5790,
      6766,
      7364,
      7837,
      8251,
      9388,
      9707,
      10033,
      10730,
      11340,
      12934,
      14746,
      14808
    ],
    "Lulu": [
      500,
      505,
      567,
      753,
      953,
      1219,
      1415,
      1570,
      1726,
      2116,
      2313,
      2559,
      2832,
      3007,
      3179,
      3480,
      3637,
      3840,
      4256,
      4408,
      4645,
      4846,
      5507,
      5659,
      5875,
      6494,
      6647,
      7524,
      8473,
      8488
    ],
    "Camille": [
      500,
      500,
      618,
      930,
      1234,
      1598,
      2223,
      2450,
      2813,
      3071,
      3458,
      4000,
      4568,
      4863,
      5257,
      5408,
      5956,
      6225,
      6557,
      7133,
      7494,
      7701,
      8004,
      8232,
      8549,
      9075,
      9287,
      9500,
      9652,
      9665
    ],
    "Volibear": [
      500,
      505,
      621,
      958,
      1331,
      1689,
      1920,
      2192,
      2505,
      2666,
      3013,
      3415,
      3735,
      4063,
      4185,
      4352,
      4812,
      5145,
      5446,
      5817,
      6240,
      7045,
      7451,
      7849,
      7976,
      8523,
      9116,
      9469,
      9637,
      9649
    ],
    "Azir": [
      500,
      500,
      625,
      825,
      1164,
      1329,
      1577,
      2087,
      2321,
      2572,
      2922,
      3304,
      3737,
      3998,
      4481,
      5021,
      5587,
      5987,
      6131,
      7513,
      7807,
      7930,
      8782,
      9183,
      9585,
      9707,
      10024,
      10148,
      10270,
      10282
    ],
    "Sivir": [
      500,
      500,
      637,
      967,
      1301,
      1446,
      1865,
      2281,
      2516,
      2863,
      3220,
      3532,
      4599,
      5426,
      5857,
      6140,
      7309,
      7565,
      8222,
      8911,
      9725,
      10147,
      10452,
      10889,
      11131,
      11337,
      11839,
      12129,
      12446,
      12459
    ],
    "Zilean": [
      500,
      500,
      562,
      758,
      953,
      1171,
      1341,
      1604,
      1851,
      2085,
      2366,
      2654,
      3143,
      3659,
      3834,
      4434,
      5329,
      5481,
      5803,
      6426,
      6941,
      7093,
      7428,
      7580,
      7733,
      7885,
      8541,
      8694,
      8852,
      8867
    ]
  }
}