{
  "matchId": "EUW1_7534169788",
  "gameMode": "CLASSIC",
  "timestamps": [
    0.0,
    1.0004666666666666,
    2.0008833333333333,
    3.000983333333333,
    4.0014,
    5.0027333333333335,
    6.00285,
    7.002866666666667,
    8.003,
    9.003516666666666,
    10.003866666666667,
    11.004283333333333,
    12.004416666666666,
    13.004466666666668,
    14.00485,
    15.005183333333333,
    16.005383333333334,
    17.005683333333334,
    18.005883333333333,
    19.00636666666667,
    19.0136
  ],
  "gold": {
    "Darius": [
      500,
      515,
      712,
      1059,
      1454,
      1854,
      2095,
      2356,
      3035,
      3512,
      3926,
      4175,
      4395,
      4644,
      5039,
      5189,
      5389,
      5516,
      5855,
      5982,
      5983
    ],
    "Briar": [
      500,
      500,
      701,
      1014,
      1430,
      1553,
      1815,
      2530,
      2862,
      3165,
      3837,
      3959,
      4410,
      4532,
      4950,
      5273,
      5614,
      5942,
      6487,
      6610,
      6611
    ],
    "Kayle": [
      500,
      500,
      1182,
      1431,
      1798,
      2141,
      2340,
      2623,
      2923,
      3150,
      3523,
      3722,
      4082,
      4356,
      4632,
      4832,
      5188,
      5352,
      5475,
      5785,
      5786
    ],
    "Vayne": [
      500,
      500,
      1362,
      1583,
      1796,
      2003,
      2300,
      2533,
      3245,
      3444,
      3741,
      3913,
      4120,
      4344,
      4613,
      4834,
      5253,
      5547,
      5862,
      6095,
      6096
    ],
    "Rell": [
      500,
      500,
      572,
      785,
      1069,
      1225,
      1555,
      1930,
      2302,
      2458,
      2784,
      2937,
      3339,
      3530,
      4438,
      4590,
      4758,
      4982,
      5140,
      5322,
      5323
    ],
    "Malphite": [
      500,
      500,
      958,
      1151,
      1490,
      1676,
      1945,
      2297,
      2588,
      2817,
      3066,
      3293,
      3584,
      3971,
      4544,
      4877,
      5611,
      6225,
      6634,
      7188,
      7189
    ],
    "Kayn": [
      500,
      500,
      674,
      1100,
      1470,
      2048,
      2572,
      3093,
      3474,
      3843,
      4093,
      4562,
      4796,
      5832,
      6618,
      7090,
      7382,
      7956,
      8203,
      9256,
      9257
    ],
    "Xerath": [
      500,
      500,
      995,
      1307,
      1646,
      1996,
      2572,
      2882,
      3664,
      4032,
      4888,
      5737,
      5964,
      6616,
      7166,
      7456,
      7825,
      8326,
      8448,
      8902,
      8903
    ],
    "Xayah": [
      500,
      505,
      884,
      1181,
      1888,
      2444,
      2733,
      3175,
      3369,
      3765,
      4217,
      4718,
      5041,
      5729,
      6851,
      7119,
      7462,
      8217,
      8577,
      9152,
      9153
    ],
    "Bard": [
      500,
      500,
      847,
      1068,
      1447,
      1839,
      2102,
      2539,
      2871,
      3075,
      3481,
      4092,
      4481,
      5128,
      5595,
      5777,
      5944,
      6441,
      6593,
      7095,
      7096
    ]
  }
}