{
  "matchId": "EUW1_7588761849",
  "gameMode": "CLASSIC",
  "timestamps": [
    0.0,
    1.00005,
    2.0002,
    3.00035,
    4.000416666666666,
    5.0004333333333335,
    6.00065,
    7.000816666666666,
    8.001033333333334,
    9.001066666666667,
    10.001566666666667,
    11.0033,
    12.003833333333333,
    13.004183333333334,
    14.00465,
    15.004766666666667,
    16.005216666666666,
    17.005233333333333,
    18.005533333333332,
    19.00575,
    20.005766666666666,
    21.006233333333334,
    22.00655,
    23.006866666666667,
    24.007383333333333,
    25.007766666666665,
    26.00796666666667,
    27.00815,
    28.0087,
    29.008983333333333,
    30.009316666666667,
    31.009616666666666,
    32.00985,
    33.00998333333333,
    34.01051666666667,
    35.01068333333333,
    36.01116666666667,
    37.01165,
    37.91396666666667
  ],
  "gold": {
    "Volibear": [
      500,
      500,
      541,
      832,
      1693,
      2029,
      2198,
      2604,
      2945,
      3193,
      3412,
      4113,
      4367,
      4820,
      4984,
      5262,
      5518,
      5912,
      6313,
      7036,
      7816,
      9017,
      9243,
      9421,
      9717,
      10039,
      10917,
      11544,
      12421,
      12652,
      13179,
      13445,
      13958,
      14828,
      15278,
      15475,
      15807,
      16651,
      17519
    ],
    "DrMundo": [
      500,
      500,
      631,
      1043,
      1736,
      1987,
      2221,
      2835,
      3178,
      3501,
      3950,
      4727,
      5080,
      5217,
      5680,
      6301,
      6498,
      6939,
      7415,
      7733,
      8231,
      8897,
      9313,
      10024,
      10147,
      10641,
      11318,
      11880,
      12965,
      13493,
      14085,
      14586,
      15056,
      15179,
      15576,
      15846,
      16053,
      16697,
      17816
    ],
    "Sylas": [
      500,
      500,
      597,
      811,
      989,
      1360,
      1573,
      1819,
      2161,
      2402,
      2998,
      3558,
      3869,
      4149,
      4419,
      4675,
      4847,
      5142,
      6423,
      6777,
      7108,
      7356,
      7715,
      8513,
      8636,
      9030,
      9772,
      10434,
      11089,
      11469,
      12455,
      13125,
      13248,
      13712,
      14057,
      14229,
      14932,
      15894,
      16680
    ],
    "Jinx": [
      500,
      500,
      604,
      900,
      1209,
      1621,
      1827,
      2180,
      2577,
      2882,
      3212,
      3733,
      3974,
      4727,
      4870,
      5580,
      5902,
      6086,
      6834,
      7006,
      7540,
      8279,
      8565,
      8861,
      9173,
      9427,
      10244,
      10681,
      10805,
      11244,
      11902,
      12128,
      12316,
      12438,
      13035,
      13353,
      13475,
      13985,
      14290
    ],
    "Seraphine": [
      500,
      500,
      567,
      768,
      963,
      1216,
      1408,
      1583,
      1798,
      2002,
      2255,
      2592,
      2766,
      3349,
      3523,
      3956,
      4109,
      4432,
      4891,
      5094,
      5376,
      5916,
      6189,
      6436,
      6588,
      6761,
      7604,
      8096,
      8420,
      8983,
      9160,
      9722,
      10053,
      10439,
      11012,
      11164,
      11514,
      11904,
      12356
    ],
    "Yone": [
      500,
      500,
      841,
      1111,
      1380,
      1695,
      2306,
      2658,
      3174,
      3508,
      3860,
      4409,
      4671,
      5373,
      5983,
      6595,
      6888,
      7094,
      7836,
      8457,
      8803,
      9321,
      9694,
      10011,
      10522,
      11186,
      11390,
      11818,
      12341,
      12840,
      13157,
      14627,
      15071,
      15639,
      16087,
      16543,
      17138,
      17461,
      17571
    ],
    "Jax": [
      500,
      500,
      616,
      958,
      1736,
      2092,
      2394,
      2850,
      3106,
      3437,
      3837,
      4120,
      4538,
      5204,
      5667,
      5959,
      6482,
      6800,
      7002,
      7379,
      7841,
      8357,
      8879,
      12154,
      12716,
      13227,
      13396,
      14008,
      14151,
      14587,
      15119,
      15524,
      15647,
      16454,
      16946,
      17539,
      17851,
      17973,
      18083
    ],
    "Hwei": [
      500,
      500,
      583,
      881,
      1258,
      1524,
      1772,
      2033,
      2433,
      2765,
      3097,
      3409,
      3545,
      4117,
      4449,
      5151,
      5343,
      5854,
      6284,
      6679,
      7145,
      7522,
      7800,
      8585,
      8760,
      9168,
      10408,
      10868,
      11500,
      12003,
      12679,
      12925,
      13089,
      14527,
      15354,
      15476,
      16073,
      16675,
      16820
    ],
    "Ashe": [
      500,
      500,
      618,
      837,
      1218,
      1463,
      1690,
      2059,
      2200,
      2492,
      3167,
      3523,
      3750,
      4107,
      4410,
      4629,
      5025,
      5190,
      5481,
      5972,
      6323,
      6583,
      6741,
      7182,
      7330,
      7696,
      7844,
      8257,
      8633,
      9173,
      9860,
      10098,
      10220,
      10494,
      11242,
      11538,
      11876,
      12180,
      12290
    ],
    "Alistar": [
      500,
      500,
      547,
      762,
      1309,
      1465,
      1696,
      2030,
      2170,
      2399,
      2727,
      2927,
      3155,
      3457,
      3610,
      3812,
      4010,
      4177,
      4444,
      4682,
      4884,
      5047,
      5244,
      6003,
      6393,
      6567,
      6744,
      7388,
      7745,
      7898,
      8055,
      8238,
      8446,
      9069,
      9547,
      9704,
      9856,
      10192,
      10433
    ]
  }
}