{
  "matchId": "EUW1_7571361393",
  "timestamps": [
    0.0,
    2.000366666666667,
    4.0011,
    6.003933333333333,
    8.004933333333334,
    10.0058,
    12.0065,
    14.007366666666666,
    16.007866666666665,
    18.00883333333333,
    20.0097,
    22.0097,
    24.010433333333335,
    26.0111,
    28.0117,
    30.011966666666666,
    32.01246666666667,
    34.01253333333333,
    36.0133,
    38.0135,
    38.8676
  ],
  "gold": {
    "1": [
      1400,
      1579,
      2406,
      3294,
      4681,
      5831,
      6622,
      7379,
      8121,
      8709,
      9241,
      9722,
      10564,
      11044,
      11619,
      12379,
      13310,
      14118,
      14624,
      15116,
      15269
    ],
    "2": [
      1400,
      1415,
      1955,
      2616,
      3097,
      3938,
      4442,
      5274,
      5898,
      6423,
      6911,
      7564,
      8113,
      8765,
      9451,
      9909,
      10551,
      11392,
      12020,
      12481,
      12634
    ],
    "3": [
      1400,
      1767,
      2814,
      3738,
      4194,
      4844,
      5561,
      6082,
      6793,
      7219,
      8553,
      9175,
      9616,
      10469,
      10945,
      12206,
      12853,
      13410,
      14171,
      14607,
      14760
    ],
    "4": [
      1400,
      1439,
      1970,
      2651,
      3080,
      3615,
      4101,
      4571,
      5803,
      6255,
      7098,
      7649,
      8135,
      8594,
      9028,
      9651,
      10335,
      10956,
      11374,
      11844,
      11997
    ],
    "5": [
      1400,
      1825,
      3267,
      4299,
      4965,
      5668,
      6591,
      7099,
      8355,
      8842,
      9630,
      10276,
      10888,
      11406,
      11984,
      12491,
      12968,
      13723,
      14388,
      15130,
      15283
    ],
    "6": [
      1400,
      1469,
      3270,
      3850,
      4981,
      5763,
      6717,
      7741,
      8407,
      9106,
      9698,
      10162,
      10917,
      11688,
      12260,
      13355,
      13819,
      15218,
      15670,
      16393,
      16934
    ],
    "7": [
      1400,
      1419,
      2147,
      2617,
      3566,
      4058,
      4546,
      5218,
      5759,
      6343,
      7273,
      7791,
      8151,
      8707,
      9272,
      9902,
      10708,
      11068,
      11540,
      12270,
      12765
    ],
    "8": [
      1400,
      1603,
      2250,
      2810,
      3575,
      4256,
      4722,
      5502,
      6236,
      6735,
      7501,
      8176,
      8590,
      9078,
      9932,
      10968,
      11408,
      12212,
      12652,
      13229,
      13820
    ],
    "9": [
      1400,
      1403,
      2153,
      2687,
      3421,
      4540,
      5254,
      5979,
      6381,
      6926,
      8078,
      8702,
      9305,
      10326,
      11130,
      11977,
      12337,
      13490,
      14216,
      15038,
      15491
    ],
    "10": [
      1400,
      1419,
      2004,
      2720,
      3362,
      3804,
      4680,
      6276,
      7283,
      7983,
      8595,
      9413,
      9844,
      10557,
      11368,
      11898,
      12616,
      13087,
      13578,
      14579,
      15151
    ]
  }
}